,danceability,energy,key,loudness,mode,speechiness,acousticness,instrumentalness,liveness,valence,tempo
0,0.526,0.413,9,-7.674,1,0.0278,0.428,0.0,0.126,0.211,115.936
1,0.663,0.168,0,-13.725,1,0.0448,0.928,5.68e-05,0.361,0.678,85.005
2,0.422,0.878,5,-4.863,1,0.0442,0.00935,0.332,0.201,0.496,84.044
3,0.821,0.676,3,-6.366,0,0.0547,0.187,0.0001,0.0927,0.559,119.012
4,0.388,0.327,5,-12.522,1,0.0317,0.732,0.00103,0.15,0.222,107.894
5,0.296,0.929,9,-3.068,1,0.0751,0.000722,5.83e-06,0.349,0.411,123.709
6,0.546,0.814,7,-5.146,1,0.0314,0.023,0.0,0.0972,0.146,104.98
7,0.3,0.929,1,-3.214,1,0.0636,0.000259,2.26e-06,0.329,0.59,147.116
8,0.855,0.954,0,-1.19,0,0.264,0.529,0.0,0.205,0.668,114.635
9,0.726,0.542,7,-9.523,1,0.03,0.327,0.0,0.146,0.305,120.201
10,0.302,0.692,8,-5.848,1,0.0311,0.000535,0.533,0.153,0.259,158.325
11,0.381,0.732,10,-7.594,0,0.0536,0.00834,0.0101,0.0854,0.814,142.504
12,0.629,0.718,9,-6.557,0,0.035,0.011,0.000211,0.152,0.0611,140.02
13,0.747,0.561,0,-14.553,1,0.204,0.0877,3.02e-05,0.076,0.644,141.034
14,0.858,0.678,1,-3.87,0,0.0469,0.0761,0.0,0.0741,0.922,117.009
15,0.378,0.638,10,-5.576,1,0.075,0.02,7.66e-05,0.0849,0.735,184.086
16,0.704,0.558,2,-7.273,0,0.0542,0.148,0.0,0.107,0.245,110.444
17,0.621,0.82,10,-4.865,1,0.0367,0.332,0.0,0.104,0.452,144.905
18,0.502,0.239,9,-14.54,0,0.0308,0.436,1.65e-06,0.0966,0.403,93.733
19,0.32,0.311,2,-12.753,1,0.029,0.444,0.000709,0.128,0.434,188.298
20,0.531,0.217,6,-13.883,1,0.0302,0.871,2.59e-06,0.101,0.34,106.842
21,0.459,0.591,6,-6.445,1,0.0296,0.0298,0.0,0.165,0.164,113.324
22,0.53,0.823,2,-4.066,1,0.0321,0.00349,0.0,0.144,0.163,116.975
23,0.503,0.923,6,-2.864,0,0.0412,0.00119,0.000474,0.117,0.515,120.007
24,0.671,0.524,11,-10.407,0,0.0371,0.528,0.0174,0.136,0.455,101.348
25,0.792,0.411,5,-12.384,0,0.033,0.786,0.00212,0.0499,0.41,101.976
26,0.392,0.479,7,-6.786,1,0.028,0.202,0.00533,0.0767,0.259,97.987
27,0.778,0.547,2,-7.273,1,0.0489,0.346,0.000302,0.132,0.441,95.002
28,0.52,0.933,8,-10.32,1,0.0481,0.176,3.12e-06,0.338,0.795,184.464
29,0.608,0.716,10,-11.232,1,0.0313,0.112,3.49e-05,0.224,0.728,111.993
30,0.797,0.441,11,-14.611,1,0.0304,0.00877,0.00083,0.063,0.829,117.699
31,0.668,0.235,2,-17.567,1,0.0529,0.178,2.19e-05,0.161,0.418,79.942
32,0.558,0.615,1,-5.641,1,0.229,0.0103,0.0,0.105,0.16,76.673
33,0.469,0.212,2,-12.13,0,0.0341,0.652,0.00113,0.104,0.147,144.243
34,0.604,0.489,11,-10.366,0,0.115,0.0959,0.0,0.165,0.306,167.169
35,0.701,0.295,3,-13.138,1,0.0355,0.621,0.0,0.122,0.152,109.165
36,0.498,0.249,4,-11.578,0,0.047,0.596,0.0,0.109,0.182,76.604
37,0.496,0.785,7,-3.472,1,0.306,0.0328,0.0,0.0941,0.357,170.02
38,0.46,0.796,0,-4.501,0,0.0333,0.00107,0.0,0.106,0.182,100.011
39,0.463,0.857,4,-3.063,1,0.0632,0.0506,0.0,0.184,0.856,111.647
40,0.641,0.922,2,-4.457,1,0.0786,0.0291,0.0,0.0862,0.847,146.078
41,0.672,0.738,0,-7.045,1,0.0506,0.0178,6.75e-05,0.0927,0.392,107.938
42,0.548,0.788,7,-4.115,0,0.0495,0.00905,0.000167,0.0966,0.576,80.047
43,0.781,0.526,6,-6.985,0,0.293,0.0619,0.0,0.0457,0.662,94.992
44,0.344,0.509,5,-6.607,0,0.0722,0.24,0.0,0.083,0.529,76.004
45,0.612,0.28,0,-8.648,1,0.0434,0.932,0.0,0.088,0.387,72.795
46,0.695,0.869,8,-5.066,1,0.0483,0.41,0.0,0.237,0.58,124.989
47,0.558,0.924,9,-4.341,0,0.064,0.0271,3.32e-06,0.537,0.567,151.99
48,0.499,0.776,8,-4.793,1,0.0682,0.0726,0.0,0.281,0.526,173.979
49,0.448,0.784,9,-3.686,1,0.0627,0.106,0.000108,0.668,0.236,136.245
50,0.668,0.758,7,-3.589,1,0.158,0.0338,0.0,0.204,0.531,135.958
51,0.522,0.932,11,-2.87,1,0.255,0.119,0.0,0.177,0.33,129.473
52,0.594,0.344,9,-9.602,0,0.0354,0.927,0.0,0.111,0.32,111.735
53,0.599,0.474,6,-6.794,1,0.0379,0.00532,2.84e-06,0.0216,0.649,154.182
54,0.517,0.657,7,-6.324,0,0.0258,0.0661,0.0,0.131,0.253,110.999
55,0.533,0.846,6,-5.593,1,0.0329,0.0369,0.0,0.109,0.604,140.018
56,0.481,0.71,7,-4.785,1,0.0298,0.183,0.0,0.147,0.188,140.062
57,0.589,0.797,1,-4.213,1,0.173,0.000673,0.0,0.0246,0.787,174.039
58,0.464,0.856,3,-4.229,0,0.0315,0.0143,0.0,0.152,0.345,148.188
59,0.46,0.41,9,-7.364,0,0.0365,0.904,7.45e-05,0.104,0.445,90.41
60,0.605,0.92,4,-2.298,0,0.0713,0.0012,0.000596,0.483,0.219,174.974
61,0.571,0.873,0,-3.382,0,0.1,0.0811,0.0,0.361,0.613,139.691
62,0.691,0.946,9,-3.221,1,0.0678,0.0259,0.0,0.0897,0.517,124.021
63,0.766,0.449,7,-13.552,1,0.0415,0.0645,0.00846,0.0434,0.705,115.449
64,0.759,0.849,1,-3.198,0,0.0317,0.000983,1.51e-05,0.0864,0.73,122.033
65,0.581,0.887,4,-3.659,0,0.0624,0.000504,0.00111,0.268,0.724,90.578
66,0.693,0.712,9,-7.43,1,0.032,0.308,0.0,0.106,0.599,139.908
67,0.605,0.609,7,-7.063,1,0.0278,0.188,0.0,0.0982,0.275,119.914
68,0.66,0.611,0,-10.309,1,0.0392,0.423,1.11e-05,0.107,0.749,113.898
69,0.338,0.478,0,-5.895,1,0.0404,0.775,0.0,0.737,0.357,86.862
70,0.616,0.91,0,-3.004,1,0.0386,0.0459,0.0,0.343,0.693,144.072
71,0.735,0.555,1,-8.84,0,0.0366,0.382,0.856,0.0952,0.523,100.01
72,0.446,0.432,3,-11.194,1,0.0268,0.302,0.00668,0.17,0.129,79.856
73,0.573,0.762,0,-3.748,1,0.0303,0.0285,0.0,0.061,0.381,89.008
74,0.88,0.413,0,-8.459,1,0.0462,0.586,0.000833,0.0693,0.44,101.991
75,0.806,0.608,1,-7.008,1,0.0659,0.0113,0.0,0.635,0.849,95.049
76,0.564,0.714,7,-4.987,1,0.129,0.0549,0.0,0.155,0.33,175.924
77,0.754,0.804,4,-3.177,1,0.0853,0.00332,0.0,0.0329,0.818,119.968
78,0.467,0.959,2,-3.336,0,0.0693,0.000427,1.04e-06,0.263,0.646,169.167
79,0.164,0.232,0,-16.512,0,0.0499,0.769,0.00268,0.427,0.0552,77.712
80,0.503,0.378,5,-12.779,1,0.207,0.84,0.0,0.919,0.516,107.311
81,0.734,0.637,4,-5.677,0,0.141,0.0462,2.29e-05,0.0602,0.648,169.977
82,0.474,0.238,1,-15.595,1,0.0271,0.554,3.95e-06,0.107,0.137,99.005
83,0.515,0.548,5,-6.819,1,0.0622,0.745,0.0,0.698,0.58,132.539
84,0.283,0.349,2,-9.32,1,0.0305,0.362,1.62e-05,0.0932,0.306,130.932
85,0.367,0.181,8,-11.28,1,0.0325,0.92,0.0,0.145,0.365,132.852
86,0.478,0.469,9,-8.282,0,0.0669,0.709,0.0,0.659,0.423,90.977
87,0.776,0.566,0,-7.561,1,0.0739,0.366,0.0,0.451,0.652,139.937
88,0.712,0.562,10,-6.008,1,0.129,0.125,0.0,0.136,0.142,140.0
89,0.64,0.81,4,-10.19,1,0.033,0.031,2.22e-06,0.0492,0.804,122.868
90,0.646,0.892,2,-5.406,1,0.041,3.76e-05,0.00665,0.0915,0.7,130.297
91,0.933,0.528,5,-6.472,0,0.162,0.112,0.329,0.163,0.756,109.975
92,0.59,0.828,0,-6.28,1,0.0439,0.277,5.57e-06,0.0868,0.636,111.353
93,0.605,0.473,0,-8.718,1,0.0301,0.742,0.0,0.143,0.321,136.043
94,0.599,0.164,0,-23.035,1,0.0475,0.888,0.000612,0.121,0.317,125.388
95,0.291,0.79,11,-5.683,0,0.0363,0.00133,5.61e-06,0.0811,0.513,155.667
96,0.794,0.711,8,-5.124,0,0.0699,0.3,0.0,0.0955,0.955,174.915
97,0.307,0.635,7,-8.957,1,0.0339,0.0154,0.00483,0.366,0.304,166.973
98,0.249,0.834,0,-8.21,1,0.0577,0.0738,9.48e-05,0.0924,0.338,118.223
99,0.422,0.264,8,-7.064,1,0.0322,0.922,0.0,0.132,0.331,119.93
100,0.496,0.859,5,-7.927,0,0.0934,0.0135,0.065,0.349,0.768,159.694
101,0.334,0.476,7,-8.497,1,0.0308,0.535,0.019,0.278,0.189,147.532
102,0.672,0.841,9,-5.992,0,0.0285,0.0767,0.0,0.135,0.82,125.437
103,0.907,0.766,9,-4.742,0,0.173,0.0813,0.0,0.11,0.875,147.996
104,0.545,0.865,11,-5.708,0,0.0286,0.00664,1.1e-05,0.168,0.543,99.009
105,0.696,0.734,7,-5.294,1,0.0298,0.0485,0.0,0.183,0.711,107.987
106,0.547,0.257,0,-12.358,1,0.0252,0.907,0.183,0.0935,0.169,75.752
107,0.507,0.327,3,-9.574,1,0.0286,0.183,0.0,0.11,0.627,169.54
108,0.469,0.67,10,-4.604,0,0.027,0.00815,0.0,0.132,0.158,144.045
109,0.642,0.849,1,-5.196,1,0.0554,0.00253,0.0,0.0717,0.703,107.968
110,0.508,0.955,2,-4.603,1,0.143,0.0023,0.0,0.105,0.395,100.665
111,0.632,0.947,1,-4.518,0,0.152,0.00538,0.0,0.121,0.79,109.892
112,0.447,0.716,7,-6.544,1,0.042,0.00189,0.0,0.0889,0.404,156.069
113,0.579,0.824,6,-8.71,0,0.03,0.00206,0.00903,0.059,0.635,123.331
114,0.444,0.703,7,-9.443,1,0.0641,0.00112,0.0761,0.127,0.419,106.228
115,0.571,0.801,4,-6.96,0,0.0484,0.692,2.3e-06,0.108,0.859,119.287
116,0.354,0.634,2,-10.975,1,0.202,0.815,3.04e-06,0.108,0.441,82.87
117,0.701,0.434,11,-11.025,1,0.208,0.837,0.0,0.262,0.768,93.586
118,0.494,0.565,1,-9.37,0,0.0417,0.584,2.82e-05,0.0846,0.622,95.997
119,0.479,0.186,9,-7.528,0,0.0302,0.874,0.0,0.114,0.435,71.941
120,0.585,0.941,5,-2.002,1,0.0573,0.00199,0.0,0.508,0.607,135.963
121,0.334,0.472,0,-8.792,1,0.0277,0.6,3.77e-06,0.317,0.431,179.167
122,0.537,0.716,2,-8.766,1,0.038,0.0192,0.0,0.245,0.452,122.873
123,0.325,0.991,3,-5.254,0,0.197,0.0146,0.000134,0.0928,0.147,140.228
124,0.472,0.366,11,-12.595,0,0.0286,0.15,0.312,0.0837,0.171,127.163
125,0.702,0.841,2,-9.837,1,0.045,0.256,0.235,0.0584,0.271,134.919
126,0.598,0.797,7,-6.793,1,0.0332,0.0424,0.000407,0.0717,0.622,123.566
127,0.498,0.515,11,-11.985,0,0.0395,0.0936,0.0,0.1,0.616,127.761
128,0.252,0.971,10,-5.597,0,0.1,0.00295,5.04e-05,0.528,0.305,137.497
129,0.245,0.865,9,-7.159,1,0.172,0.0112,0.0109,0.334,0.547,181.075
130,0.482,0.786,7,-5.735,1,0.032,0.00321,8.88e-05,0.446,0.793,126.755
131,0.575,0.756,2,-9.414,1,0.0544,0.735,0.0401,0.0755,0.844,127.434
132,0.727,0.419,0,-12.273,1,0.0687,0.311,3.43e-06,0.119,0.284,81.04
133,0.7,0.781,6,-8.255,0,0.0507,0.0874,0.00342,0.059,0.385,108.695
134,0.758,0.477,0,-14.741,1,0.138,0.347,0.0,0.122,0.907,119.507
135,0.387,0.665,1,-11.323,0,0.225,0.145,0.00167,0.092,0.541,174.896
136,0.593,0.796,2,-4.771,1,0.0297,0.000125,0.000119,0.161,0.527,125.154
137,0.304,0.978,0,-4.078,1,0.119,0.0202,0.0,0.383,0.365,102.381
138,0.366,0.952,9,-3.363,1,0.0636,0.0156,0.0,0.372,0.577,185.393
139,0.33,0.835,11,-4.522,0,0.0407,0.00452,0.0,0.265,0.85,152.746
140,0.386,0.364,0,-9.624,1,0.032,0.541,0.0,0.347,0.104,81.895
141,0.439,0.891,0,-4.764,1,0.057,0.0122,0.0,0.547,0.695,148.599
142,0.579,0.928,0,-4.344,1,0.0411,0.000715,0.0,0.18,0.882,95.594
143,0.539,0.583,1,-4.935,0,0.0275,0.108,0.0,0.111,0.337,86.063
144,0.497,0.136,7,-10.015,1,0.04,0.884,0.000454,0.114,0.236,129.628
145,0.495,0.936,4,-7.196,0,0.0401,0.0111,0.000709,0.276,0.837,107.394
146,0.322,0.377,7,-7.385,0,0.0356,0.454,0.0,0.338,0.366,118.669
147,0.375,0.6,11,-9.313,1,0.033,0.0966,0.000972,0.759,0.916,169.976
148,0.578,0.606,11,-6.402,1,0.0282,0.377,0.0,0.317,0.357,73.912
149,0.435,0.658,8,-8.179,1,0.0661,0.195,0.0,0.102,0.184,130.276
150,0.517,0.535,0,-12.027,1,0.0494,0.131,0.0,0.085,0.933,135.087
151,0.675,0.61,1,-13.811,1,0.085,0.0852,0.0188,0.159,0.344,131.037
152,0.596,0.605,7,-12.145,1,0.0255,0.181,0.000331,0.0863,0.886,97.798
153,0.519,0.51,0,-8.057,0,0.0352,0.476,0.0,0.292,0.652,144.524
154,0.645,0.795,7,-12.095,1,0.0527,0.347,0.00389,0.104,0.535,112.067
155,0.584,0.813,9,-10.997,0,0.0405,0.0192,1.95e-06,0.0875,0.878,149.676
156,0.352,0.643,10,-5.115,1,0.0338,0.239,0.0,0.105,0.292,161.995
157,0.53,0.768,7,-5.611,1,0.0284,0.00385,0.0,0.103,0.374,148.095
158,0.457,0.757,1,-5.177,1,0.032,0.0206,0.0,0.146,0.417,102.961
159,0.599,0.977,1,-3.061,0,0.133,0.0257,0.0,0.0866,0.568,97.985
160,0.579,0.849,4,-5.218,0,0.0303,0.108,0.0,0.0909,0.581,100.021
161,0.556,0.864,3,-5.87,0,0.0584,0.00958,0.0,0.209,0.4,105.143
162,0.529,0.967,1,-3.647,0,0.0508,0.114,0.0,0.61,0.596,140.127
163,0.706,0.39,9,-13.673,1,0.0324,0.0221,3.81e-05,0.0944,0.839,90.584
164,0.242,0.303,8,-15.987,1,0.0396,0.972,0.907,0.0949,0.149,76.866
165,0.923,0.518,5,-6.008,1,0.0492,0.52,0.000142,0.104,0.682,93.023
166,0.717,0.733,4,-4.985,1,0.0427,0.0398,0.0,0.136,0.713,119.996
167,0.292,0.912,3,-2.077,1,0.0561,0.00259,0.0,0.0853,0.475,79.298
168,0.633,0.673,6,-6.403,0,0.258,0.297,0.0,0.206,0.659,86.776
169,0.697,0.467,9,-7.536,1,0.0715,0.248,0.0,0.0941,0.572,82.081
170,0.481,0.88,4,-1.108,1,0.176,0.00305,0.642,0.13,0.961,156.859
171,0.642,0.796,2,-7.981,1,0.0305,0.0804,0.000293,0.169,0.689,136.095
172,0.438,0.979,9,-3.82,0,0.0403,0.0167,0.0408,0.3,0.513,142.912
173,0.597,0.96,11,-3.989,1,0.042,0.169,2.89e-05,0.105,0.937,163.017
174,0.59,0.828,9,-5.422,1,0.0448,0.0553,0.000307,0.109,0.903,134.936
175,0.393,0.241,7,-13.209,1,0.0346,0.677,0.0,0.108,0.119,125.599
176,0.371,0.224,7,-13.502,1,0.0299,0.711,0.0,0.242,0.149,130.027
177,0.446,0.0382,1,-21.358,1,0.0426,0.823,0.0,0.0979,0.107,121.98
178,0.391,0.912,6,-8.624,1,0.133,0.524,0.000315,0.35,0.701,193.782
179,0.671,0.373,9,-18.064,1,0.0323,0.257,8.01e-05,0.0481,0.732,92.718
180,0.764,0.948,1,-4.355,0,0.0402,0.00929,0.0773,0.416,0.911,129.967
181,0.397,0.381,3,-8.553,1,0.0294,0.835,0.0,0.0829,0.423,148.649
182,0.664,0.642,6,-5.961,1,0.038,0.129,0.0,0.114,0.501,118.002
183,0.217,0.905,2,-4.103,1,0.0752,0.000289,0.00011,0.222,0.236,96.95
184,0.253,0.574,0,-12.488,1,0.0314,1.22e-05,0.651,0.0466,0.171,82.061
185,0.82,0.427,10,-12.728,0,0.0827,0.459,0.0494,0.0447,0.887,121.481
186,0.575,0.555,9,-12.528,0,0.0465,0.356,0.00149,0.154,0.616,115.003
187,0.593,0.74,8,-6.12,1,0.0339,0.363,2.22e-05,0.102,0.502,118.008
188,0.778,0.547,2,-7.273,1,0.0489,0.346,0.000302,0.132,0.441,95.002
189,0.851,0.806,4,-4.62,1,0.0787,0.118,1.64e-06,0.121,0.787,118.999
190,0.607,0.878,4,-4.422,1,0.0665,0.000246,0.0,0.337,0.853,119.955
191,0.543,0.485,8,-6.85,1,0.0305,0.558,0.0,0.12,0.371,136.961
192,0.583,0.637,0,-6.464,1,0.0459,0.00722,0.0419,0.177,0.315,80.004
193,0.563,0.86,8,-7.533,1,0.0621,0.00834,0.0106,0.39,0.517,97.867
194,0.526,0.509,7,-10.893,1,0.0628,0.6,0.0,0.144,0.497,138.318
195,0.456,0.933,0,-5.212,1,0.153,0.375,0.0,0.563,0.367,125.051
196,0.463,0.484,10,-13.259,1,0.0395,0.456,0.0,0.125,0.513,77.521
197,0.594,0.561,5,-11.666,1,0.0603,0.524,0.00222,0.0724,0.617,140.286
198,0.607,0.462,5,-10.004,0,0.0287,0.614,8.42e-06,0.0724,0.346,75.752
199,0.836,0.509,0,-13.668,1,0.0548,0.467,4.1e-06,0.0436,0.949,138.714
200,0.601,0.532,10,-9.119,1,0.0286,0.432,6.25e-06,0.0925,0.341,136.571
201,0.578,0.492,0,-12.713,1,0.0296,0.0096,9.11e-05,0.256,0.202,126.823
202,0.567,0.945,9,-7.243,1,0.0458,0.175,2.6e-06,0.35,0.961,150.792
203,0.519,0.875,0,-6.488,1,0.132,0.223,0.0,0.0915,0.766,152.092
204,0.611,0.912,0,-6.775,1,0.0398,0.105,0.0,0.117,0.77,101.307
205,0.637,0.333,3,-9.603,1,0.0262,0.181,0.0,0.147,0.588,84.347
206,0.712,0.967,7,-5.206,1,0.047,0.0771,0.0,0.356,0.895,145.024
207,0.514,0.681,7,-10.026,1,0.065,0.199,0.0356,0.0745,0.913,136.821
208,0.725,0.838,5,-9.063,1,0.0355,0.18,2.36e-06,0.112,0.746,131.478
209,0.822,0.87,9,-6.257,1,0.0592,0.124,0.0,0.045,0.901,109.174
210,0.504,0.797,10,-4.305,1,0.0493,0.000105,0.148,0.0393,0.654,97.547
211,0.493,0.636,1,-7.408,1,0.0256,0.0629,2.49e-06,0.0921,0.279,79.419
212,0.789,0.494,4,-9.496,0,0.0324,0.407,0.808,0.226,0.781,120.025
213,0.638,0.336,2,-7.52,1,0.0248,0.759,0.0,0.0728,0.567,78.86
214,0.488,0.88,9,-5.158,1,0.045,0.000121,0.000783,0.103,0.389,148.051
215,0.553,0.874,2,-3.685,0,0.0401,0.00388,0.00184,0.104,0.319,127.961
216,0.42,0.377,6,-7.203,0,0.0264,0.339,0.000123,0.166,0.0969,103.989
217,0.369,0.433,7,-6.67,0,0.0331,0.04,0.000517,0.109,0.069,119.984
218,0.424,0.944,4,-6.031,0,0.0576,9.82e-06,0.065,0.345,0.502,158.997
219,0.563,0.869,9,-8.163,1,0.052,0.0235,1.14e-05,0.2,0.716,140.587
220,0.778,0.547,2,-7.273,1,0.0489,0.346,0.000302,0.132,0.441,95.002
221,0.587,0.924,7,-2.918,1,0.041,0.000133,0.0,0.285,0.746,113.998
222,0.937,0.654,8,-11.187,1,0.322,0.00533,1.26e-06,0.0542,0.607,128.462
223,0.496,0.863,9,-4.153,1,0.0381,0.0046,0.0,0.639,0.243,110.018
224,0.562,0.939,0,-4.282,1,0.0475,0.046,0.0,0.112,0.684,116.044
225,0.564,0.71,11,-4.92,0,0.0461,0.00125,0.0,0.109,0.393,91.972
226,0.696,0.921,0,-3.755,1,0.0363,0.00314,5.24e-05,0.0842,0.714,119.001
227,0.505,0.71,3,-3.015,1,0.0321,0.19,0.00025,0.329,0.428,89.938
228,0.479,0.545,7,-7.346,1,0.0688,0.365,0.0,0.0963,0.244,74.897
229,0.718,0.82,5,-3.453,0,0.0323,0.0444,0.0,0.0846,0.613,92.998
230,0.559,0.777,1,-5.031,1,0.0432,0.31,0.0,0.105,0.329,87.016
231,0.664,0.705,1,-4.972,0,0.0382,0.0654,0.0,0.115,0.477,122.017
232,0.651,0.695,6,-3.218,1,0.0487,0.23,0.0,0.144,0.569,123.008
233,0.47,0.431,5,-6.129,0,0.0342,0.329,0.0,0.0854,0.289,157.98
234,0.519,0.749,6,-3.318,0,0.0405,0.271,0.0,0.119,0.29,147.905
235,0.732,0.396,4,-9.348,0,0.0286,0.0841,3.58e-05,0.105,0.548,90.024
236,0.769,0.505,1,-7.345,1,0.0829,0.311,7.49e-05,0.0777,0.757,171.804
237,0.662,0.716,10,-7.575,0,0.16,0.028,0.0,0.0727,0.548,167.947
238,0.598,0.488,6,-10.905,1,0.0307,0.741,0.779,0.0945,0.396,144.977
239,0.707,0.538,0,-5.264,1,0.505,0.362,0.0,0.317,0.439,121.732
240,0.69,0.834,0,-5.79,1,0.0566,0.129,0.0,0.136,0.738,127.43
241,0.738,0.852,7,-6.13,1,0.0766,0.00153,0.0895,0.178,0.834,119.735
242,0.366,0.598,5,-8.272,1,0.0425,0.434,0.0,0.124,0.552,135.597
243,0.487,0.81,4,-4.067,0,0.0357,0.000754,0.0,0.352,0.702,123.493
244,0.653,0.631,9,-11.334,1,0.0461,0.299,0.00265,0.0627,0.516,156.32
245,0.728,0.921,5,-3.302,1,0.0323,0.05,7.92e-06,0.137,0.936,124.143
246,0.486,0.918,11,-4.181,0,0.125,0.0121,0.00372,0.0697,0.734,164.038
247,0.676,0.577,10,-12.031,1,0.0365,0.186,0.0,0.148,0.934,91.98
248,0.673,0.629,2,-7.072,1,0.0299,0.00141,0.0,0.0944,0.551,103.998
249,0.477,0.415,10,-10.592,1,0.0313,0.754,0.00356,0.104,0.418,87.907
250,0.7,0.864,7,-3.629,1,0.0283,0.0212,0.0,0.0956,0.887,102.997
251,0.621,0.246,0,-11.162,1,0.0598,0.81,1.21e-05,0.133,0.452,75.093
252,0.642,0.875,6,-3.14,1,0.042,0.0233,0.0,0.19,0.556,124.946
253,0.21,0.94,9,-3.427,1,0.123,0.00602,0.0,0.269,0.255,179.722
254,0.663,0.72,3,-5.497,1,0.0331,0.00212,0.0,0.358,0.608,135.342
255,0.663,0.776,6,-8.111,1,0.0417,0.0155,0.292,0.0885,0.444,124.731
256,0.263,0.871,2,-7.496,1,0.131,0.106,0.0,0.363,0.622,206.68
257,0.677,0.985,1,-4.678,1,0.0549,0.07,3.62e-05,0.351,0.87,118.092
258,0.668,0.906,11,-4.881,0,0.17,0.214,0.00245,0.135,0.507,135.653
259,0.488,0.481,6,-9.514,0,0.0397,0.769,3.33e-06,0.877,0.556,155.507
260,0.797,0.782,1,-5.69,0,0.103,0.0013,0.00155,0.0491,0.377,121.019
261,0.521,0.625,1,-7.47,1,0.067,0.0301,0.0,0.121,0.136,101.019
262,0.641,0.63,8,-6.393,1,0.0521,0.0372,0.0,0.4,0.415,79.955
263,0.392,0.402,0,-9.961,0,0.0536,0.288,0.0,0.243,0.228,143.883
264,0.551,0.913,0,-4.063,0,0.0466,0.0263,1.35e-05,0.347,0.544,119.992
265,0.616,0.455,6,-5.946,1,0.045,0.886,0.0,0.134,0.762,126.049
266,0.56,0.653,0,-6.282,1,0.0468,0.413,1.19e-06,0.0971,0.655,182.37
267,0.44,0.901,9,-4.733,1,0.0598,0.0531,0.000361,0.927,0.519,202.389
268,0.772,0.526,0,-8.723,1,0.0701,0.649,2.88e-06,0.125,0.566,124.071
269,0.555,0.835,0,-4.712,0,0.0408,0.0329,2.34e-05,0.0937,0.476,98.007
270,0.409,0.92,11,-5.439,0,0.12,0.00719,0.00105,0.0823,0.37,145.085
271,0.213,0.634,4,-12.967,0,0.0596,0.369,0.00199,0.359,0.354,174.443
272,0.759,0.568,9,-12.67,1,0.0312,0.137,0.00312,0.228,0.647,122.372
273,0.334,0.974,11,-2.311,0,0.1,0.00869,0.0,0.37,0.33,102.823
274,0.638,0.918,9,-6.294,0,0.0385,0.00437,0.0706,0.331,0.723,125.066
275,0.648,0.896,2,-4.254,1,0.041,0.00138,0.000819,0.0879,0.468,128.115
276,0.638,0.664,2,-5.767,1,0.0294,0.00872,0.00451,0.173,0.323,96.078
277,0.753,0.863,5,-7.084,1,0.113,0.613,7.03e-06,0.0478,0.964,139.964
278,0.512,0.724,7,-4.752,1,0.045,0.00398,8.88e-06,0.101,0.836,164.292
279,0.698,0.863,4,-2.133,1,0.0474,0.0124,0.0,0.128,0.952,111.987
280,0.659,0.714,3,-3.688,1,0.0263,0.0213,1.14e-06,0.0891,0.184,80.961
281,0.438,0.401,3,-9.631,1,0.0317,0.319,0.0,0.234,0.322,172.89
282,0.424,0.871,2,-5.606,1,0.0909,0.0165,0.0,0.193,0.797,184.864
283,0.356,0.331,7,-11.065,1,0.0435,0.445,0.0,0.891,0.263,111.995
284,0.724,0.891,11,-7.818,1,0.0995,0.00344,4.72e-05,0.3,0.818,103.022
285,0.619,0.781,5,-7.455,0,0.0393,0.0243,0.000286,0.402,0.533,126.267
286,0.372,0.865,2,-4.918,1,0.0381,0.000453,0.0,0.234,0.478,174.53
287,0.415,0.748,1,-5.294,1,0.0341,0.000212,0.000101,0.529,0.338,131.892
288,0.688,0.843,5,-6.231,0,0.0486,0.0506,0.000764,0.321,0.867,106.516
289,0.519,0.737,10,-8.7,1,0.0437,0.645,1.77e-06,0.271,0.668,82.999
290,0.436,0.529,11,-13.818,0,0.103,0.636,1.22e-05,0.0849,0.685,147.361
291,0.449,0.901,6,-7.711,1,0.0526,0.141,0.0675,0.128,0.696,125.148
292,0.491,0.583,7,-10.964,1,0.0376,0.185,0.0,0.406,0.908,150.566
293,0.726,0.631,11,-8.136,0,0.0334,0.22,0.0,0.193,0.746,124.711
294,0.551,0.825,5,-6.24,0,0.044,0.152,6.2e-06,0.0999,0.933,164.857
295,0.258,0.0971,0,-13.002,1,0.0302,0.94,0.0,0.122,0.0767,65.346
296,0.533,0.637,6,-5.571,1,0.0323,0.16,1.12e-05,0.369,0.292,140.167
297,0.725,0.528,9,-11.269,0,0.0283,0.158,9.9e-05,0.105,0.544,98.598
298,0.505,0.868,0,-10.796,1,0.0436,0.0795,0.0,0.318,0.742,145.294
299,0.627,0.699,10,-4.504,1,0.0244,0.174,0.0,0.0789,0.535,94.003
300,0.685,0.948,9,-5.182,1,0.0457,0.00513,0.00347,0.17,0.628,104.881
301,0.356,0.793,9,-10.729,1,0.0806,0.000603,3.34e-05,0.121,0.633,190.29
302,0.416,0.546,7,-7.728,1,0.0297,0.492,0.0,0.0845,0.418,159.929
303,0.669,0.52,8,-10.136,1,0.0345,0.245,0.00535,0.126,0.634,104.812
304,0.37,0.919,4,-5.721,1,0.102,0.000376,0.419,0.49,0.471,134.021
305,0.622,0.496,2,-6.064,1,0.207,0.7,0.0,0.106,0.561,149.165
306,0.326,0.872,2,-7.602,1,0.122,0.214,0.0,0.461,0.492,173.381
307,0.335,0.579,2,-6.98,0,0.0632,0.277,0.0,0.0606,0.404,80.317
308,0.341,0.42,8,-6.567,1,0.0318,0.183,0.0,0.0967,0.306,145.808
309,0.272,0.16,9,-9.947,1,0.0323,0.729,0.0,0.18,0.142,98.612
310,0.299,0.422,5,-9.977,1,0.0285,0.0873,0.0,0.182,0.168,67.797
311,0.255,0.43,9,-12.564,1,0.0322,0.546,1.87e-05,0.188,0.546,164.267
312,0.38,0.0993,2,-20.567,1,0.0509,0.914,2.32e-05,0.0605,0.44,174.874
313,0.538,0.127,11,-16.057,1,0.0284,0.589,0.00017,0.238,0.527,62.829
314,0.695,0.336,9,-12.999,1,0.0313,0.8,0.00264,0.701,0.422,79.109
315,0.403,0.777,5,-6.416,1,0.0354,0.0999,3.28e-06,0.124,0.149,76.329
316,0.495,0.349,0,-9.926,0,0.0246,0.798,0.707,0.103,0.152,77.971
317,0.741,0.697,0,-7.028,1,0.0277,0.0664,2.28e-05,0.133,0.774,116.109
318,0.524,0.572,5,-13.306,1,0.0413,0.0627,0.000133,0.208,0.607,114.182
319,0.811,0.41,9,-8.214,1,0.0391,0.0365,6.63e-06,0.0799,0.626,103.965
320,0.591,0.706,5,-12.115,1,0.0552,0.043,0.00172,0.231,0.915,95.762
321,0.543,0.577,4,-5.842,0,0.0404,0.483,0.0,0.263,0.179,142.04
322,0.539,0.597,7,-9.581,1,0.0258,0.0108,0.00552,0.134,0.251,139.444
323,0.73,0.751,11,-6.272,0,0.0343,0.0726,0.179,0.168,0.924,127.987
324,0.649,0.679,2,-12.515,1,0.0316,0.464,0.00121,0.339,0.971,126.867
325,0.521,0.297,2,-7.022,1,0.0351,0.732,0.0,0.273,0.517,118.681
326,0.458,0.446,1,-8.82,1,0.0279,0.334,6.28e-06,0.195,0.159,130.062
327,0.438,0.816,1,-7.573,1,0.0564,0.0171,0.0,0.382,0.644,148.244
328,0.678,0.869,8,-5.788,1,0.0595,0.0368,0.0,0.524,0.644,131.98
329,0.456,0.573,5,-3.866,0,0.0275,0.578,3.05e-06,0.114,0.0992,76.19
330,0.584,0.533,10,-7.11,0,0.0305,0.684,0.0,0.306,0.224,131.745
331,0.613,0.656,9,-9.849,1,0.0404,0.000977,0.000224,0.328,0.177,133.042
332,0.516,0.865,6,-3.576,0,0.0433,0.000138,0.0193,0.488,0.599,133.918
333,0.526,0.775,0,-6.05,1,0.0352,0.707,2.05e-05,0.217,0.962,80.106
334,0.758,0.41,0,-11.8,1,0.0404,0.013,0.000101,0.0875,0.339,119.197
335,0.526,0.358,4,-7.239,0,0.0243,0.525,0.0,0.0942,0.399,78.989
336,0.684,0.559,5,-11.366,0,0.168,0.358,0.0427,0.641,0.892,179.556
337,0.257,0.803,7,-3.886,1,0.0411,0.137,0.0156,0.297,0.294,150.818
338,0.474,0.473,2,-11.454,1,0.0601,0.545,1.25e-06,0.0356,0.561,77.583
339,0.653,0.519,2,-10.164,1,0.0497,0.406,0.0209,0.101,0.822,98.883
340,0.443,0.727,4,-7.951,1,0.145,0.263,0.000141,0.169,0.566,160.82
341,0.526,0.545,9,-11.673,1,0.028,0.65,0.000612,0.106,0.733,134.053
342,0.869,0.68,1,-6.233,1,0.318,0.0416,1.12e-06,0.0914,0.815,85.519
343,0.692,0.744,2,-4.565,1,0.257,0.00868,0.000423,0.359,0.0612,171.374
344,0.697,0.549,7,-12.379,1,0.031,0.51,0.00299,0.0581,0.954,139.995
345,0.597,0.543,9,-6.336,0,0.0549,0.074,0.0,0.372,0.688,103.487
346,0.559,0.33,9,-8.251,1,0.0285,0.892,0.0,0.0975,0.285,135.109
347,0.891,0.486,6,-7.803,1,0.159,0.0158,3.78e-06,0.0925,0.239,125.01
348,0.259,0.983,8,-3.523,1,0.0869,0.0583,0.000298,0.972,0.375,166.81
349,0.594,0.399,2,-10.012,1,0.0549,0.773,0.0,0.366,0.83,131.797
350,0.585,0.697,1,-6.126,0,0.357,0.0339,0.0,0.255,0.402,133.177
351,0.602,0.536,4,-9.74,1,0.0288,0.183,1.9e-05,0.0802,0.506,124.558
352,0.321,0.474,5,-9.383,1,0.0348,0.743,0.0,0.204,0.804,121.199
353,0.297,0.364,10,-9.261,1,0.0305,0.813,0.000761,0.0976,0.149,122.598
354,0.579,0.508,2,-9.484,1,0.027,0.00574,0.000494,0.0575,0.609,147.125
355,0.446,0.239,0,-13.945,1,0.0316,0.551,4.1e-06,0.0697,0.298,189.507
356,0.701,0.944,4,-2.986,1,0.0455,0.0755,0.0,0.601,0.792,128.993
357,0.669,0.616,11,-10.776,0,0.033,0.482,0.0,0.179,0.818,130.037
358,0.443,0.403,0,-8.339,1,0.0322,0.631,0.0,0.111,0.41,143.462
359,0.727,0.834,2,-5.851,1,0.0496,0.165,0.0,0.105,0.816,131.7
360,0.668,0.26,7,-14.256,1,0.0523,0.453,0.0,0.0621,0.368,119.416
361,0.745,0.656,10,-6.393,1,0.0405,0.188,0.00337,0.0941,0.858,105.318
362,0.149,0.206,3,-13.888,1,0.0323,0.822,0.000649,0.115,0.264,79.764
363,0.295,0.584,9,-6.696,0,0.0345,0.000385,0.218,0.0996,0.228,117.2
364,0.51,0.488,7,-10.304,1,0.0304,0.256,0.0,0.11,0.649,125.683
365,0.534,0.887,0,-3.777,1,0.0345,0.0768,9.93e-05,0.325,0.72,122.494
366,0.537,0.959,0,-3.002,0,0.0557,0.0704,1.8e-06,0.382,0.828,122.806
367,0.385,0.342,2,-7.749,1,0.0285,0.416,0.0,0.119,0.131,132.864
368,0.529,0.732,9,-6.201,0,0.033,0.0273,0.0,0.52,0.506,94.45
369,0.273,0.759,11,-4.75,0,0.0427,0.00159,0.00437,0.101,0.442,167.644
370,0.509,0.787,2,-5.065,1,0.0512,0.0146,1.12e-06,0.126,0.363,128.871
371,0.552,0.881,0,-4.52,0,0.101,0.104,5e-06,0.0971,0.524,142.558
372,0.534,0.959,7,-4.289,1,0.0379,0.0089,0.0,0.347,0.756,131.278
373,0.267,0.793,4,-7.12,1,0.0415,0.0247,0.0,0.0634,0.526,174.118
374,0.451,0.957,2,-3.166,1,0.0471,0.0619,0.00213,0.07,0.519,136.31
375,0.423,0.972,9,-2.389,0,0.0634,0.26,0.000101,0.168,0.477,132.929
376,0.326,0.805,2,-2.428,1,0.0343,0.0511,0.0,0.109,0.277,135.855
377,0.278,0.971,9,-2.285,1,0.0572,0.00484,5.45e-05,0.26,0.711,165.518
378,0.243,0.287,11,-9.429,1,0.0308,0.697,0.0,0.104,0.161,142.124
379,0.563,0.735,9,-7.305,0,0.0579,0.0226,0.0,0.123,0.356,128.01
380,0.699,0.502,9,-12.526,1,0.0278,0.0607,0.0337,0.317,0.676,105.266
381,0.497,0.849,9,-5.352,1,0.0612,0.00985,0.0,0.106,0.72,169.937
382,0.32,0.62,0,-9.686,1,0.0594,0.64,6.36e-05,0.253,0.472,86.327
383,0.723,0.863,2,-7.89,1,0.0338,0.0383,0.0317,0.128,0.931,136.302
384,0.693,0.394,0,-15.882,1,0.0428,0.0782,0.000694,0.247,0.721,104.114
385,0.638,0.0811,7,-22.646,1,0.0335,0.879,0.00313,0.314,0.0503,109.154
386,0.482,0.601,7,-12.846,1,0.0486,0.00853,0.000187,0.249,0.774,125.619
387,0.28,0.908,2,-5.509,0,0.109,0.0327,8.85e-06,0.18,0.26,118.698
388,0.294,0.745,5,-9.138,1,0.0461,0.05,0.125,0.676,0.347,134.364
389,0.479,0.979,10,-5.077,0,0.107,0.0207,0.0,0.722,0.292,124.764
390,0.566,0.664,4,-5.303,0,0.0464,0.634,0.0,0.116,0.437,128.945
391,0.512,0.662,3,-6.797,1,0.0439,0.0275,0.0,0.118,0.472,180.114
392,0.679,0.715,9,-6.383,1,0.0407,0.0755,0.0,0.271,0.571,127.435
393,0.486,0.744,6,-7.176,1,0.0404,0.0204,0.00298,0.112,0.362,132.446
394,0.632,0.586,0,-11.333,1,0.0284,0.0983,0.581,0.0535,0.89,114.243
395,0.588,0.301,0,-14.979,1,0.0294,0.221,0.00236,0.128,0.19,112.458
396,0.532,0.767,7,-5.509,1,0.0574,0.00287,0.000513,0.39,0.755,127.361
397,0.656,0.931,1,-5.827,1,0.0976,0.046,0.0,0.0543,0.909,144.747
398,0.19,0.265,9,-9.206,1,0.0356,0.863,0.0,0.134,0.101,79.012
399,0.53,0.422,5,-6.262,1,0.0342,0.407,0.0,0.107,0.349,119.964
400,0.545,0.783,5,-4.261,0,0.0345,0.00489,0.0,0.132,0.551,174.084
401,0.442,0.943,3,-3.205,1,0.0602,0.00293,8.71e-06,0.091,0.781,85.064
402,0.38,0.988,1,-2.042,1,0.0639,2.64e-05,7.86e-05,0.368,0.769,186.113
403,0.419,0.983,1,-4.073,0,0.0389,0.000583,8.09e-05,0.163,0.946,147.584
404,0.475,0.432,7,-7.844,1,0.0302,0.183,0.0,0.161,0.648,94.605
405,0.402,0.914,9,-5.215,1,0.142,0.000579,0.0,0.065,0.626,196.505
406,0.669,0.78,7,-4.287,0,0.053,0.0265,1.63e-06,0.143,0.738,139.945
407,0.718,0.691,4,-6.44,1,0.0387,0.0159,0.0,0.0627,0.552,100.008
408,0.356,0.924,1,-3.74,1,0.0808,0.00101,0.0,0.0953,0.232,148.017
409,0.587,0.828,11,-5.108,1,0.161,0.00327,0.0,0.331,0.494,123.907
410,0.719,0.935,7,-3.752,1,0.0589,0.167,0.0,0.0973,0.738,120.022
411,0.544,0.897,3,-6.056,0,0.0471,0.241,0.0,0.13,0.647,157.17
412,0.545,0.659,1,-8.18,1,0.0394,0.367,0.00111,0.415,0.599,108.04
413,0.492,0.969,9,-4.419,1,0.0491,0.0014,1.32e-06,0.0787,0.538,95.136
414,0.524,0.939,9,-3.994,1,0.113,0.00022,0.0,0.623,0.661,150.184
415,0.675,0.792,1,-6.303,1,0.0368,0.145,0.0,0.12,0.395,120.016
416,0.437,0.98,1,-3.05,1,0.0552,1.61e-05,0.00207,0.304,0.409,122.735
417,0.531,0.574,10,-6.693,0,0.113,0.114,0.0308,0.256,0.272,115.68
418,0.619,0.89,1,-7.1,1,0.0293,0.0016,0.000282,0.092,0.655,106.014
419,0.528,0.917,11,-5.465,0,0.038,0.000722,0.0023,0.257,0.55,91.03
420,0.167,0.955,7,-8.266,1,0.0832,8.22e-05,0.922,0.187,0.324,191.524
421,0.48,0.983,2,-7.25,1,0.0497,0.000113,0.754,0.265,0.624,127.849
422,0.562,0.949,11,-6.351,1,0.0461,0.00173,2.72e-05,0.209,0.886,120.564
423,0.525,0.919,0,-6.914,1,0.0457,0.000533,0.0799,0.144,0.701,128.646
424,0.283,0.962,8,-6.732,1,0.107,0.000301,0.00044,0.126,0.458,176.728
425,0.402,0.814,10,-4.954,1,0.14,0.0383,1.19e-06,0.266,0.516,170.02
426,0.682,0.616,3,-13.872,1,0.0697,0.0263,0.000288,0.0574,0.883,147.634
427,0.599,0.835,10,-13.453,0,0.0726,0.0188,0.000109,0.366,0.876,176.172
428,0.788,0.524,0,-11.538,1,0.031,0.115,0.0918,0.354,0.807,118.169
429,0.502,0.762,1,-7.286,1,0.031,0.0276,0.0042,0.135,0.254,137.329
430,0.628,0.779,7,-7.151,1,0.0259,0.0427,8.35e-05,0.463,0.927,113.687
431,0.384,0.133,6,-15.681,0,0.0419,0.747,4.97e-06,0.0696,0.124,125.305
432,0.621,0.842,5,-9.63,1,0.0647,0.0386,3.22e-05,0.358,0.461,123.071
433,0.596,0.0406,4,-14.344,1,0.0398,0.954,9.87e-06,0.0967,0.445,95.684
434,0.416,0.876,5,-3.853,1,0.0513,0.000158,0.0147,0.331,0.686,83.946
435,0.568,0.308,5,-13.063,1,0.0274,0.69,0.0,0.104,0.721,85.917
436,0.268,0.56,2,-6.734,0,0.0471,0.521,0.207,0.0782,0.334,178.766
437,0.765,0.29,4,-17.117,0,0.139,0.0279,0.0,0.571,0.506,92.409
438,0.615,0.733,8,-4.808,1,0.0335,0.152,0.0,0.109,0.796,122.58
439,0.5,0.145,9,-14.169,0,0.03,0.921,0.0,0.0857,0.197,104.706
440,0.641,0.834,8,-5.77,0,0.0526,0.179,1.25e-05,0.208,0.707,105.751
441,0.614,0.789,5,-6.206,1,0.039,0.000513,0.895,0.259,0.241,126.984
442,0.746,0.548,5,-9.057,1,0.0747,0.527,0.000141,0.0923,0.881,114.299
443,0.655,0.715,11,-7.086,0,0.0602,0.0382,8.33e-06,0.0741,0.765,107.645
444,0.531,0.818,2,-5.358,1,0.0452,0.0694,0.0096,0.263,0.471,90.767
445,0.623,0.68,2,-13.255,1,0.0282,0.0056,0.000425,0.148,0.737,129.713
446,0.325,0.421,10,-8.859,1,0.0278,0.373,1.03e-06,0.126,0.39,104.146
447,0.669,0.887,11,-6.498,0,0.0295,0.0412,0.0,0.094,0.805,130.04
448,0.481,0.346,8,-11.753,1,0.0254,0.41,1.25e-05,0.377,0.183,75.593
449,0.598,0.564,0,-10.251,1,0.18,0.272,0.0,0.145,0.781,136.453
450,0.485,0.555,9,-6.928,1,0.0279,0.201,0.0,0.11,0.364,78.085
451,0.56,0.507,4,-10.588,1,0.0606,0.505,0.0,0.102,0.332,99.651
452,0.397,0.145,8,-13.042,1,0.0345,0.734,0.00231,0.142,0.0924,74.345
453,0.409,0.292,1,-11.459,0,0.11,0.512,0.0,0.0666,0.183,75.904
454,0.485,0.407,6,-14.874,0,0.0352,0.265,0.0,0.139,0.459,73.837
455,0.642,0.739,9,-5.59,1,0.0422,0.304,0.148,0.0875,0.805,82.952
456,0.346,0.552,0,-6.864,0,0.0282,0.417,0.0,0.114,0.0789,75.881
457,0.822,0.704,3,-8.242,0,0.0374,0.00864,0.627,0.0633,0.255,125.999
458,0.398,0.597,0,-6.019,1,0.0838,0.533,0.0,0.0912,0.702,93.625
459,0.622,0.374,8,-9.067,1,0.134,0.5,0.0,0.239,0.67,113.434
460,0.481,0.0303,7,-18.456,1,0.0456,0.965,0.000146,0.107,0.266,114.194
461,0.361,0.219,0,-16.553,1,0.0285,0.563,0.0,0.558,0.26,98.532
462,0.706,0.713,0,-5.512,0,0.0301,0.0596,0.0,0.132,0.544,102.037
463,0.364,0.906,7,-6.878,1,0.104,0.000424,0.0,0.371,0.463,184.98
464,0.731,0.738,9,-8.125,0,0.0377,0.184,0.0,0.214,0.958,117.656
465,0.544,0.665,10,-6.771,0,0.0301,0.061,0.000221,0.112,0.285,134.137
466,0.364,0.981,9,-3.848,1,0.0787,0.00316,0.0,0.152,0.437,185.698
467,0.48,0.563,7,-5.939,1,0.0304,0.865,0.0018,0.195,0.77,130.889
468,0.58,0.862,2,-9.446,1,0.0474,0.00746,0.000214,0.799,0.676,130.218
469,0.279,0.454,2,-7.733,1,0.0316,0.395,0.0,0.198,0.216,150.661
470,0.618,0.77,9,-4.589,1,0.115,0.0389,0.0,0.0732,0.776,135.028
471,0.51,0.893,7,-9.821,1,0.0588,0.0058,0.00158,0.308,0.628,129.092
472,0.573,0.899,4,-10.561,0,0.0644,0.0127,0.00557,0.138,0.499,122.032
473,0.256,0.641,1,-10.283,1,0.0552,0.199,0.0329,0.0853,0.382,203.006
474,0.502,0.912,1,-4.556,1,0.0564,2.55e-05,0.000173,0.106,0.72,116.761
475,0.512,0.714,2,-4.878,1,0.147,0.00239,0.0,0.244,0.497,82.723
476,0.66,0.806,1,-8.643,1,0.043,0.0226,0.268,0.11,0.0398,117.008
477,0.835,0.741,8,-1.609,1,0.0339,0.0172,0.0577,0.0826,0.612,111.963
478,0.716,0.73,6,-4.126,0,0.0364,0.058,7.32e-06,0.151,0.339,136.05
479,0.422,0.898,2,-5.521,1,0.0452,0.000979,0.0,0.0781,0.527,95.284
480,0.634,0.837,7,-8.899,1,0.0971,0.0256,0.0,0.198,0.519,131.85
481,0.438,0.726,7,-6.91,1,0.139,0.0259,0.0,0.749,0.438,176.574
482,0.663,0.746,2,-3.567,0,0.0321,0.0697,0.0,0.0929,0.325,102.847
483,0.595,0.87,0,-4.495,1,0.0394,0.0107,0.0,0.288,0.494,99.741
484,0.613,0.622,1,-5.794,0,0.0334,0.00882,0.0,0.37,0.484,80.003
485,0.727,0.736,6,-6.422,0,0.0466,0.54,0.0,0.115,0.756,119.979
486,0.434,0.872,0,-2.974,1,0.0702,0.0473,1.83e-06,0.396,0.732,71.515
487,0.67,0.404,8,-10.855,1,0.188,0.317,0.0,0.22,0.622,131.507
488,0.509,0.987,10,-3.198,0,0.0886,8.05e-05,0.000928,0.119,0.647,138.039
489,0.393,0.858,4,-2.868,0,0.0729,0.00359,0.0,0.102,0.56,176.042
490,0.603,0.697,9,-5.297,1,0.0552,0.229,7.26e-05,0.101,0.827,145.508
491,0.502,0.831,2,-3.723,1,0.295,0.105,1.3e-06,0.174,0.451,199.972
492,0.511,0.972,10,-3.751,1,0.0413,5.36e-06,0.00101,0.19,0.532,132.97
493,0.237,0.942,7,-4.738,1,0.069,0.000348,0.00362,0.316,0.592,180.51
494,0.729,0.756,8,-5.119,1,0.0294,0.131,0.0,0.0527,0.522,104.945
495,0.61,0.683,2,-3.879,0,0.0253,0.00382,1.79e-06,0.125,0.466,108.003
496,0.689,0.702,6,-5.642,0,0.0261,0.216,0.0,0.159,0.484,99.031
497,0.59,0.855,4,-9.486,1,0.163,0.0679,0.00377,0.174,0.793,136.648
498,0.614,0.708,7,-8.456,1,0.0307,0.0115,0.0,0.0586,0.849,120.651
499,0.222,0.664,0,-5.242,0,0.0379,0.0039,0.65,0.239,0.101,186.044
500,0.506,0.392,10,-12.784,1,0.0373,0.713,0.000574,0.316,0.268,123.81
501,0.442,0.922,2,-5.086,1,0.0655,0.0532,3.86e-06,0.0768,0.855,162.272
502,0.705,0.7,0,-7.38,1,0.0295,0.0192,0.0,0.0755,0.765,122.841
503,0.616,0.298,2,-7.712,1,0.0274,0.78,0.0,0.0973,0.712,82.471
504,0.697,0.861,5,-8.449,0,0.0295,0.00837,0.000301,0.339,0.772,134.051
505,0.666,0.854,8,-8.442,0,0.0565,0.0044,0.769,0.313,0.748,136.954
506,0.715,0.951,6,-6.488,1,0.132,0.152,0.0,0.302,0.671,126.643
507,0.427,0.647,6,-8.944,0,0.0353,0.102,2.13e-06,0.133,0.298,99.753
508,0.657,0.949,9,-4.037,1,0.0626,0.00067,0.00067,0.201,0.49,145.059
509,0.497,0.349,7,-14.0,1,0.0297,0.0929,0.028,0.259,0.421,113.762
510,0.618,0.753,7,-5.05,0,0.0451,0.637,0.0,0.0905,0.557,120.041
511,0.672,0.441,1,-9.065,0,0.0268,0.00991,6.7e-06,0.109,0.429,115.059
512,0.405,0.2,9,-12.873,1,0.0387,0.85,0.0,0.0744,0.213,134.926
513,0.618,0.778,5,-6.372,1,0.0423,0.0708,0.000481,0.21,0.729,92.843
514,0.721,0.462,0,-9.954,1,0.0459,0.308,0.000172,0.0875,0.158,130.042
515,0.673,0.663,0,-7.29,1,0.0269,0.217,0.017,0.177,0.671,120.634
516,0.719,0.229,8,-10.239,1,0.0333,0.984,0.883,0.104,0.289,125.983
517,0.688,0.659,0,-7.617,0,0.083,0.572,0.922,0.323,0.638,75.364
518,0.588,0.225,11,-11.139,0,0.034,0.798,0.632,0.0693,0.102,74.976
519,0.709,0.29,7,-11.023,1,0.0335,0.928,0.776,0.109,0.206,147.942
520,0.41,0.214,2,-16.48,0,0.0289,0.829,0.0165,0.0851,0.18,92.839
521,0.473,0.91,9,-6.728,1,0.0664,0.0655,0.0,0.607,0.607,101.122
522,0.576,0.495,1,-9.557,0,0.027,0.156,0.242,0.346,0.389,128.052
523,0.91,0.487,0,-12.205,1,0.0794,0.00261,0.676,0.109,0.0647,123.018
524,0.37,0.291,7,-14.216,1,0.0272,0.522,0.00553,0.66,0.35,71.323
525,0.519,0.189,2,-11.54,1,0.0375,0.967,0.000802,0.0717,0.386,124.964
526,0.565,0.942,8,-6.821,1,0.0518,0.00107,0.000406,0.152,0.568,137.973
527,0.591,0.829,11,-8.566,1,0.0384,0.28,0.00867,0.11,0.775,90.013
528,0.316,0.769,0,-5.283,0,0.0422,0.0142,0.0,0.0928,0.127,122.507
529,0.355,0.351,1,-13.572,1,0.0621,0.16,0.0,0.109,0.431,171.896
530,0.507,0.457,11,-4.921,0,0.0891,0.345,8.27e-05,0.0972,0.291,134.577
531,0.45,0.488,9,-8.702,1,0.0329,0.38,3.38e-05,0.649,0.272,159.965
532,0.466,0.706,6,-7.943,0,0.0544,0.0084,0.00163,0.223,0.149,101.009
533,0.661,0.733,0,-2.7,0,0.0434,0.0153,0.0,0.0982,0.612,143.932
534,0.519,0.85,6,-4.678,0,0.0354,0.000246,0.014,0.279,0.211,132.022
535,0.322,0.28,6,-9.367,0,0.0281,0.468,1.1e-06,0.102,0.175,85.794
536,0.5,0.874,2,-3.867,1,0.0371,0.00147,0.0664,0.0714,0.331,130.048
537,0.515,0.876,8,-3.756,1,0.0292,0.000932,0.000166,0.136,0.385,145.916
538,0.526,0.166,4,-15.227,1,0.0859,0.964,0.0,0.229,0.549,131.375
539,0.675,0.861,0,-9.269,1,0.0274,0.00182,0.000179,0.199,0.783,135.063
540,0.572,0.863,0,-6.543,0,0.0319,0.00277,0.448,0.0323,0.681,140.021
541,0.749,0.925,10,-5.034,1,0.227,0.241,0.0,0.52,0.641,86.989
542,0.698,0.991,9,-4.29,0,0.068,0.11,0.0016,0.261,0.321,132.993
543,0.466,0.438,4,-12.858,1,0.0608,0.089,5.62e-06,0.113,0.587,193.1
544,0.649,0.869,1,-5.422,0,0.0459,0.0193,0.0589,0.236,0.48,102.049
545,0.543,0.529,7,-9.717,1,0.0301,0.326,0.00269,0.709,0.746,85.126
546,0.456,0.233,8,-12.634,1,0.0255,0.433,6.42e-05,0.0538,0.424,75.174
547,0.408,0.48,9,-11.017,1,0.0266,0.155,1.82e-05,0.0877,0.19,156.344
548,0.574,0.913,6,-4.793,0,0.133,0.061,0.00158,0.156,0.423,115.728
549,0.59,0.306,10,-16.326,1,0.0325,0.328,6.95e-06,0.0377,0.493,77.069
550,0.71,0.799,6,-4.897,1,0.0328,0.22,0.000602,0.349,0.725,120.372
551,0.499,0.364,2,-8.839,1,0.0307,0.467,0.0989,0.115,0.271,155.075
552,0.286,0.378,10,-8.752,1,0.0382,0.803,0.000518,0.107,0.113,69.316
553,0.486,0.867,7,-5.483,1,0.0295,0.0237,1.66e-06,0.155,0.281,92.757
554,0.542,0.915,9,-9.637,1,0.0549,0.319,5.34e-05,0.171,0.92,159.81
555,0.485,0.193,11,-16.985,0,0.0322,0.697,0.0262,0.135,0.079,79.926
556,0.515,0.594,1,-4.708,1,0.0262,0.00844,0.00658,0.0752,0.218,146.564
557,0.606,0.457,6,-14.035,0,0.0497,0.713,2.53e-05,0.0747,0.813,92.033
558,0.327,0.533,2,-7.762,1,0.0317,0.451,0.0706,0.284,0.589,189.23
559,0.593,0.727,0,-6.132,1,0.0366,0.0582,0.0,0.0656,0.446,86.495
560,0.494,0.923,1,-4.636,1,0.0406,0.00451,0.0,0.124,0.869,169.949
561,0.398,0.57,4,-7.068,1,0.034,0.056,0.00125,0.0606,0.234,140.974
562,0.475,0.563,10,-6.359,1,0.0367,0.16,2.06e-06,0.127,0.604,77.976
563,0.62,0.403,1,-6.998,0,0.0393,0.636,0.0,0.128,0.528,135.84
564,0.46,0.923,9,-4.462,1,0.0324,0.000425,0.0,0.731,0.494,155.105
565,0.52,0.669,0,-12.925,1,0.0417,0.011,4.83e-05,0.13,0.694,203.097
566,0.599,0.642,0,-6.936,1,0.0363,0.164,3.33e-05,0.0992,0.349,115.412
567,0.422,0.437,4,-8.206,0,0.0402,0.61,0.00487,0.0843,0.505,161.636
568,0.286,0.796,2,-4.625,1,0.0388,0.47,0.063,0.364,0.12,150.272
569,0.855,0.59,6,-5.608,0,0.0449,0.364,2.67e-05,0.126,0.926,104.984
570,0.455,0.761,3,-4.734,1,0.0373,0.102,0.0,0.168,0.494,163.998
571,0.119,0.088,11,-15.926,0,0.0365,0.787,0.0266,0.101,0.0438,90.633
572,0.817,0.599,0,-9.249,0,0.0328,0.132,0.000311,0.0873,0.548,108.873
573,0.737,0.492,4,-9.631,0,0.0306,0.109,0.0,0.17,0.35,100.495
574,0.249,0.248,7,-8.976,1,0.0333,0.71,0.0,0.093,0.0812,150.318
575,0.407,0.147,2,-8.822,1,0.0355,0.857,2.89e-06,0.0913,0.0765,141.284
576,0.484,0.368,6,-7.784,1,0.0341,0.74,3.82e-05,0.118,0.142,92.923
577,0.667,0.548,9,-7.802,1,0.0262,0.744,0.0122,0.0946,0.29,112.549
578,0.5,0.909,8,-5.006,1,0.0424,0.000319,0.0204,0.111,0.307,102.481
579,0.615,0.711,11,-5.507,1,0.0779,0.0444,0.0,0.145,0.711,144.036
580,0.512,0.754,0,-6.031,1,0.0549,0.135,0.0,0.0881,0.336,147.89
581,0.634,0.607,7,-6.787,1,0.0301,0.00186,0.0,0.142,0.359,91.996
582,0.378,0.349,10,-12.918,1,0.0455,0.817,0.0,0.0999,0.663,184.428
583,0.658,0.575,11,-10.365,1,0.0267,0.243,0.0,0.122,0.504,108.329
584,0.652,0.917,6,-6.72,1,0.0548,0.0082,0.0,0.0509,0.459,132.975
585,0.562,0.646,2,-4.937,0,0.0372,0.408,4.39e-05,0.122,0.274,81.77
586,0.72,0.263,11,-14.08,1,0.0732,0.898,0.0,0.713,0.825,108.733
587,0.94,0.837,9,-4.143,0,0.146,0.079,2.63e-05,0.135,0.924,119.985
588,0.629,0.897,2,-3.401,1,0.0483,0.0424,0.0,0.263,0.93,161.944
589,0.232,0.216,10,-10.674,1,0.0314,0.936,4.93e-06,0.246,0.432,94.268
590,0.725,0.859,7,-6.208,1,0.0636,0.0173,0.0137,0.048,0.53,131.697
591,0.599,0.837,5,-4.045,0,0.0394,0.00684,6.93e-05,0.104,0.561,104.457
592,0.76,0.605,6,-8.782,1,0.372,0.431,0.0,0.141,0.452,105.69
593,0.548,0.246,2,-13.453,1,0.0355,0.732,0.0,0.361,0.1,122.466
594,0.66,0.689,4,-2.671,0,0.0337,0.0884,0.0,0.0922,0.427,127.98
595,0.474,0.537,2,-6.77,1,0.0649,0.0758,0.0,0.316,0.335,90.103
596,0.254,0.657,10,-4.995,1,0.0385,0.19,0.0,0.0952,0.352,151.045
597,0.539,0.792,5,-4.721,0,0.0355,0.0474,2.07e-06,0.0977,0.682,81.576
598,0.462,0.665,0,-5.617,1,0.0288,0.157,1.44e-06,0.14,0.683,177.25
599,0.485,0.425,4,-14.967,1,0.0311,0.00342,0.706,0.0913,0.21,118.456
600,0.426,0.378,4,-11.752,0,0.0292,0.335,0.833,0.266,0.124,113.033
601,0.37,0.444,0,-12.24,1,0.0303,0.18,0.917,0.109,0.314,103.016
602,0.616,0.787,5,-8.483,1,0.0378,0.209,0.118,0.0403,0.528,112.028
603,0.833,0.246,9,-14.249,1,0.0491,0.578,0.807,0.297,0.685,109.999
604,0.597,0.46,9,-11.666,1,0.0309,0.361,0.324,0.0542,0.742,83.025
605,0.23,0.18,6,-13.444,1,0.0383,0.9,0.679,0.0745,0.118,130.449
606,0.431,0.421,6,-10.887,0,0.0286,0.706,0.0537,0.527,0.414,94.044
607,0.462,0.305,2,-15.147,0,0.0302,0.00104,0.886,0.115,0.116,107.934
608,0.0659,0.0846,9,-20.033,0,0.0407,0.868,0.856,0.311,0.0378,63.435
609,0.497,0.693,8,-7.024,1,0.0565,0.19,0.0,0.215,0.358,111.539
610,0.283,0.278,7,-16.084,1,0.0338,0.735,0.14,0.42,0.395,115.751
611,0.533,0.506,7,-7.304,1,0.0245,0.565,0.0,0.113,0.252,74.816
612,0.715,0.327,0,-11.814,1,0.033,0.782,0.000344,0.625,0.713,84.369
613,0.28,0.215,10,-11.296,1,0.0337,0.921,0.0,0.113,0.0905,132.223
614,0.541,0.385,4,-13.304,1,0.0271,0.169,0.000686,0.0974,0.38,143.988
615,0.293,0.273,7,-12.695,0,0.0335,0.0941,2.93e-05,0.134,0.132,180.052
616,0.61,0.762,11,-11.207,1,0.0316,0.00976,0.000505,0.419,0.778,136.149
617,0.621,0.8,4,-7.284,0,0.0344,0.0263,1.51e-05,0.0591,0.968,149.91
618,0.475,0.899,9,-4.321,0,0.0637,0.00375,1.91e-05,0.14,0.603,152.445
619,0.534,0.236,1,-12.755,0,0.0276,0.766,0.0,0.112,0.252,100.723
620,0.695,0.499,0,-13.283,1,0.0661,0.179,0.0,0.0598,0.695,108.085
621,0.638,0.988,1,-5.042,1,0.0921,0.0302,1.16e-05,0.371,0.723,117.955
622,0.335,0.218,7,-12.309,1,0.0328,0.758,1.52e-06,0.0849,0.317,121.139
623,0.676,0.695,11,-13.395,0,0.0392,0.326,1.09e-05,0.0462,0.691,114.93
624,0.309,0.596,5,-5.599,1,0.0293,0.101,0.0,0.21,0.161,164.587
625,0.37,0.0772,0,-19.322,1,0.0414,0.642,0.69,0.112,0.0954,119.942
626,0.63,0.894,10,-4.592,1,0.0544,0.255,0.0,0.181,0.364,142.051
627,0.709,0.824,1,-8.824,1,0.0453,0.207,0.000307,0.0888,0.867,118.818
628,0.596,0.73,9,-4.091,1,0.151,0.24,0.0,0.325,0.525,85.979
629,0.516,0.764,2,-6.223,1,0.0366,0.0717,0.0,0.115,0.376,148.021
630,0.638,0.359,1,-6.457,1,0.029,0.782,0.0,0.0972,0.294,59.965
631,0.552,0.89,8,-3.409,1,0.0342,0.000143,0.0,0.888,0.716,146.525
632,0.324,0.335,0,-15.595,1,0.0355,0.099,1.08e-06,0.0995,0.141,119.513
633,0.419,0.734,7,-7.841,1,0.0294,0.00357,2.32e-05,0.243,0.729,130.783
634,0.512,0.865,9,-6.101,1,0.189,0.378,3.03e-05,0.146,0.836,123.331
635,0.445,0.848,4,-4.608,0,0.133,0.00334,0.0456,0.0881,0.611,135.749
636,0.361,0.859,3,-5.122,0,0.0585,0.00339,0.679,0.0864,0.231,132.222
637,0.338,0.34,9,-12.049,0,0.0339,0.58,0.0032,0.116,0.197,82.433
638,0.645,0.585,6,-6.122,1,0.0513,0.00314,0.0,0.165,0.353,131.931
639,0.697,0.56,9,-6.926,1,0.121,0.594,1.71e-06,0.112,0.448,157.521
640,0.499,0.468,0,-9.995,0,0.0396,0.795,0.88,0.0899,0.0763,141.463
641,0.337,0.331,5,-10.16,1,0.0385,0.657,0.0,0.085,0.35,103.203
642,0.184,0.623,2,-12.145,0,0.0883,0.367,0.814,0.0467,0.0382,106.569
643,0.232,0.494,9,-11.58,0,0.0569,0.578,0.0623,0.0897,0.0385,109.138
644,0.332,0.179,5,-11.83,1,0.0326,0.879,0.0,0.0886,0.315,96.529
645,0.501,0.405,1,-5.679,1,0.0319,0.751,0.0,0.105,0.446,109.891
646,0.488,0.824,2,-7.878,1,0.0823,0.0112,0.0,0.348,0.24,134.814
647,0.298,0.356,3,-10.955,1,0.0353,0.858,0.000377,0.0652,0.052,101.605
648,0.726,0.484,2,-6.707,0,0.0477,0.274,2.44e-06,0.0874,0.561,62.493
649,0.649,0.406,9,-7.509,1,0.0304,0.822,7.34e-06,0.113,0.404,108.997
650,0.581,0.28,4,-9.091,0,0.0381,0.936,1.56e-05,0.305,0.813,137.831
651,0.637,0.263,5,-9.094,0,0.0399,0.873,0.0,0.164,0.487,97.423
652,0.678,0.346,3,-8.571,1,0.0345,0.848,0.0,0.128,0.461,135.989
653,0.546,0.808,1,-6.353,1,0.067,0.112,0.48,0.263,0.763,170.034
654,0.668,0.89,2,-5.005,0,0.0329,0.45,1.94e-05,0.0545,0.893,133.876
655,0.71,0.0565,7,-15.099,1,0.0534,0.965,0.0,0.0889,0.348,123.994
656,0.697,0.964,7,-3.611,1,0.117,0.0134,0.0534,0.0486,0.783,99.017
657,0.832,0.948,4,-3.979,0,0.0502,0.192,0.000117,0.0806,0.864,121.973
658,0.674,0.747,5,-9.251,1,0.0767,0.0019,0.0205,0.176,0.905,128.196
659,0.751,0.747,7,-5.494,0,0.0581,0.0274,0.0,0.147,0.792,129.054
660,0.622,0.601,1,-8.702,1,0.0319,0.183,1.63e-06,0.129,0.438,141.931
661,0.536,0.901,9,-7.211,1,0.0374,0.00145,0.0186,0.06,0.666,87.559
662,0.589,0.799,7,-5.233,0,0.0907,0.0771,6.46e-06,0.37,0.713,143.954
663,0.78,0.529,2,-9.549,1,0.498,0.896,0.0,0.654,0.966,141.763
664,0.507,0.683,7,-8.079,1,0.0316,0.303,0.000132,0.142,0.901,95.732
665,0.617,0.507,1,-5.926,0,0.0551,0.0431,6.91e-06,0.106,0.879,100.166
666,0.615,0.876,3,-2.881,1,0.033,0.162,0.0,0.117,0.744,98.045
667,0.241,0.394,6,-7.293,1,0.0299,0.597,0.0105,0.332,0.0964,131.266
668,0.923,0.339,9,-11.391,1,0.0712,0.0629,0.0299,0.101,0.571,111.013
669,0.605,0.587,9,-6.028,1,0.0479,0.468,0.0,0.105,0.43,169.876
670,0.583,0.619,4,-6.827,1,0.0443,0.172,0.0,0.0951,0.804,159.973
671,0.848,0.673,1,-4.101,1,0.293,0.169,0.0,0.0865,0.94,94.921
672,0.704,0.59,4,-8.183,1,0.0435,0.604,0.0,0.1,0.565,114.069
673,0.693,0.435,6,-5.866,1,0.284,0.0124,3.7e-05,0.0871,0.598,99.946
674,0.292,0.359,5,-9.043,1,0.0328,0.697,1.85e-05,0.108,0.228,177.334
675,0.571,0.463,9,-8.076,1,0.115,0.779,1.21e-06,0.179,0.606,121.567
676,0.678,0.574,3,-7.943,1,0.0845,0.363,3.89e-05,0.0815,0.448,148.916
677,0.61,0.878,8,-5.436,1,0.0498,0.519,0.0,0.242,0.758,133.054
678,0.454,0.756,1,-5.407,1,0.0676,0.484,0.0,0.0937,0.763,147.657
679,0.719,0.732,1,-4.518,1,0.246,0.352,0.0,0.0738,0.895,106.329
680,0.365,0.678,7,-5.897,1,0.143,0.623,0.0,0.155,0.745,176.264
681,0.628,0.654,1,-5.466,0,0.0452,0.813,6.6e-06,0.106,0.673,102.025
682,0.712,0.888,7,-4.996,1,0.0621,0.61,0.000614,0.116,0.51,100.0
683,0.71,0.688,6,-6.622,1,0.0305,0.656,1.62e-06,0.0972,0.768,136.032
684,0.425,0.993,4,-3.974,0,0.108,0.00432,0.0,0.284,0.156,96.043
685,0.428,0.626,4,-6.639,0,0.0339,0.222,8.22e-05,0.277,0.379,86.02
686,0.399,0.721,4,-5.562,0,0.0523,0.0621,0.00282,0.278,0.113,160.125
687,0.545,0.6,0,-10.27,1,0.0309,0.197,0.000446,0.104,0.587,180.024
688,0.814,0.77,4,-6.169,0,0.0509,0.0401,2.04e-05,0.202,0.776,119.995
689,0.719,0.708,0,-7.418,1,0.0417,0.00645,0.201,0.064,0.256,126.015
690,0.47,0.958,4,-3.382,0,0.0964,0.00183,0.0012,0.107,0.255,76.977
691,0.504,0.704,9,-5.85,0,0.0417,0.0118,0.565,0.194,0.317,113.276
692,0.385,0.791,7,-2.647,1,0.0949,0.454,0.0,0.0755,0.764,194.642
693,0.763,0.875,9,-5.797,0,0.0262,0.024,5.41e-06,0.599,0.8,123.013
694,0.379,0.932,4,-5.957,1,0.127,0.0571,0.0261,0.667,0.312,115.786
695,0.537,0.615,0,-7.173,1,0.0252,0.136,0.79,0.123,0.34,76.0
696,0.584,0.612,2,-5.833,1,0.0283,0.448,0.0,0.171,0.402,81.182
697,0.805,0.577,6,-9.982,0,0.0589,0.00833,0.934,0.103,0.321,122.985
698,0.523,0.879,2,-7.062,1,0.0288,4.74e-05,0.794,0.113,0.185,128.012
699,0.446,0.702,2,-6.341,0,0.0791,0.132,0.00376,0.138,0.305,146.051
700,0.268,0.969,8,-4.25,0,0.233,0.00086,0.00221,0.316,0.261,140.861
701,0.851,0.541,0,-6.825,1,0.0505,0.568,0.0,0.13,0.448,124.959
702,0.344,0.325,11,-10.005,0,0.0287,0.35,0.0223,0.0686,0.0775,118.515
703,0.481,0.267,0,-8.588,1,0.0322,0.759,0.0,0.156,0.397,106.143
704,0.647,0.896,4,-5.949,1,0.0509,0.0709,0.0505,0.0614,0.953,118.729
705,0.492,0.85,7,-6.137,1,0.159,0.277,3.46e-05,0.634,0.343,119.469
706,0.358,0.188,7,-14.325,1,0.0336,0.85,0.000141,0.109,0.116,173.849
707,0.434,0.0548,3,-13.747,1,0.0578,0.696,0.0,0.145,0.35,178.554
708,0.683,0.934,6,-4.87,0,0.0424,0.0726,0.000135,0.0983,0.255,130.036
709,0.539,0.452,4,-16.838,0,0.0461,0.0238,0.0197,0.944,0.928,163.101
710,0.364,0.525,7,-8.405,1,0.0297,0.0459,3.04e-05,0.131,0.256,104.1
711,0.425,0.401,7,-9.427,1,0.0315,0.943,3.44e-06,0.072,0.531,115.71
712,0.729,0.93,6,-7.96,0,0.0405,0.145,0.338,0.92,0.965,136.014
713,0.394,0.228,4,-12.584,1,0.0431,0.966,3.81e-05,0.113,0.258,104.625
714,0.565,0.857,9,-5.349,1,0.079,0.000239,0.0425,0.0433,0.291,128.006
715,0.837,0.954,8,-3.512,0,0.0414,0.0933,0.000405,0.143,0.972,127.019
716,0.587,0.622,4,-5.535,1,0.0303,0.0927,0.000636,0.2,0.231,107.943
717,0.24,0.254,5,-12.096,1,0.0369,0.929,0.000161,0.134,0.192,152.738
718,0.834,0.551,10,-9.103,1,0.0684,0.00911,0.0236,0.107,0.431,120.015
719,0.388,0.694,5,-5.769,1,0.0735,0.118,0.000293,0.082,0.365,145.434
720,0.725,0.259,2,-10.959,1,0.0382,0.843,2.63e-06,0.112,0.2,133.849
721,0.517,0.531,4,-4.84,0,0.0605,0.341,0.0,0.102,0.385,139.852
722,0.658,0.267,4,-7.729,1,0.0969,0.576,0.0,0.112,0.666,132.826
723,0.799,0.597,0,-4.791,0,0.03,0.00462,0.0742,0.143,0.615,111.94
724,0.525,0.461,4,-6.48,1,0.062,0.324,0.0,0.101,0.0629,177.911
725,0.343,0.405,10,-6.931,1,0.0451,0.339,0.0,0.0863,0.478,79.477
726,0.603,0.252,6,-12.192,1,0.0339,0.286,1.16e-06,0.0563,0.0667,109.912
727,0.648,0.75,7,-3.454,1,0.0906,0.0198,2.95e-06,0.116,0.484,93.056
728,0.266,0.188,5,-11.718,1,0.0347,0.923,4.1e-06,0.12,0.134,87.144
729,0.412,0.428,0,-10.635,1,0.0397,0.438,2.4e-06,0.0778,0.677,98.038
730,0.618,0.779,2,-5.877,1,0.0472,0.173,0.0325,0.307,0.474,96.754
731,0.588,0.605,8,-6.849,1,0.0638,0.327,0.13,0.129,0.764,80.121
732,0.387,0.605,5,-8.321,1,0.0315,0.144,0.000147,0.279,0.188,138.769
733,0.501,0.493,8,-9.651,1,0.0271,0.328,0.0,0.162,0.103,68.412
734,0.536,0.933,1,-5.321,1,0.0663,0.000961,0.0019,0.276,0.54,123.839
735,0.722,0.514,0,-13.198,0,0.033,0.823,0.00488,0.103,0.618,94.01
736,0.549,0.147,6,-12.579,0,0.032,0.869,0.0,0.111,0.0846,105.972
737,0.645,0.552,3,-7.623,1,0.033,0.167,2.33e-05,0.0718,0.214,102.881
738,0.277,0.331,5,-9.292,1,0.0373,0.515,6.26e-05,0.111,0.256,133.233
739,0.717,0.817,11,-9.188,0,0.0415,0.00945,0.0263,0.134,0.893,134.492
740,0.48,0.195,10,-11.952,1,0.0313,0.936,0.000762,0.18,0.411,133.563
741,0.798,0.292,0,-17.112,1,0.0777,0.152,0.00101,0.185,0.812,98.653
742,0.637,0.79,10,-6.776,0,0.0383,0.0458,0.0041,0.249,0.607,164.822
743,0.285,0.462,5,-6.166,0,0.0291,0.428,5.61e-06,0.122,0.0923,142.365
744,0.549,0.747,11,-5.74,0,0.0433,2.85e-05,0.000131,0.111,0.216,124.956
745,0.583,0.584,5,-5.362,0,0.0314,0.254,0.0,0.123,0.136,140.039
746,0.563,0.842,6,-3.639,0,0.319,0.0026,0.0,0.16,0.336,95.392
747,0.669,0.941,1,-5.765,0,0.0313,0.00129,4.3e-06,0.886,0.841,134.809
748,0.793,0.674,7,-9.213,1,0.0397,0.00723,0.734,0.206,0.832,123.061
749,0.676,0.352,2,-10.239,0,0.0345,0.129,0.283,0.11,0.492,121.438
750,0.575,0.295,11,-12.584,1,0.0326,0.484,0.703,0.0639,0.394,144.366
751,0.591,0.45,5,-13.291,0,0.26,0.312,0.000116,0.147,0.304,144.201
752,0.429,0.565,6,-7.274,1,0.025,0.0142,3.72e-06,0.101,0.192,85.716
753,0.704,0.66,2,-7.698,1,0.0437,0.118,0.00372,0.389,0.469,155.085
754,0.307,0.847,11,-4.215,1,0.0551,0.0215,0.0,0.0783,0.34,93.072
755,0.53,0.525,5,-6.767,0,0.0522,0.0842,2.11e-05,0.109,0.231,179.944
756,0.497,0.654,1,-6.645,0,0.0324,0.0209,0.00044,0.0322,0.319,83.127
757,0.591,0.935,6,-2.664,1,0.0478,0.000284,0.000278,0.142,0.736,140.043
758,0.494,0.495,7,-8.855,1,0.0312,0.184,0.0,0.127,0.233,126.515
759,0.606,0.414,5,-8.94,0,0.0346,0.533,0.263,0.0642,0.585,203.673
760,0.695,0.762,0,-3.497,1,0.0395,0.192,0.00244,0.0863,0.553,120.042
761,0.326,0.685,10,-5.576,1,0.179,0.503,0.0,0.427,0.409,86.882
762,0.749,0.831,8,-5.326,1,0.0412,0.000721,0.35,0.101,0.848,124.985
763,0.723,0.812,9,-8.736,1,0.0468,0.00607,0.717,0.0436,0.135,122.021
764,0.469,0.532,9,-15.666,0,0.0609,0.0128,0.125,0.118,0.52,160.914
765,0.403,0.644,2,-8.608,1,0.0439,0.0991,0.000179,0.231,0.714,211.27
766,0.699,0.294,5,-13.205,0,0.0294,0.587,0.0,0.117,0.893,96.615
767,0.785,0.457,1,-13.827,0,0.0273,0.643,2.57e-06,0.172,0.692,104.205
768,0.604,0.794,4,-5.58,0,0.0394,0.00696,0.121,0.067,0.863,105.992
769,0.722,0.588,6,-5.932,1,0.0544,0.0319,0.0,0.183,0.59,134.01
770,0.629,0.511,1,-8.651,1,0.0326,0.114,3.91e-06,0.0588,0.181,128.038
771,0.81,0.536,10,-11.573,1,0.0583,0.466,0.00074,0.0401,0.957,97.311
772,0.805,0.416,1,-7.559,0,0.0789,0.0259,0.172,0.142,0.535,122.012
773,0.657,0.435,10,-15.707,1,0.0552,0.739,0.0,0.167,0.771,135.975
774,0.712,0.549,5,-9.484,1,0.0254,0.011,0.0,0.118,0.552,109.882
775,0.761,0.626,5,-12.635,1,0.0421,0.0174,0.629,0.0879,0.712,124.027
776,0.785,0.892,9,-4.71,1,0.0356,0.0711,0.00051,0.113,0.974,120.115
777,0.652,0.812,0,-10.578,0,0.0356,0.0957,0.00137,0.0391,0.703,120.27
778,0.697,0.877,3,-4.465,1,0.0462,0.462,0.00943,0.083,0.802,101.99
779,0.852,0.298,5,-14.771,0,0.293,0.326,0.0,0.145,0.506,80.078
780,0.61,0.508,8,-6.682,0,0.152,0.297,0.0,0.384,0.758,178.818
781,0.539,0.517,5,-6.999,1,0.0272,0.0956,0.0,0.111,0.408,82.987
782,0.618,0.611,7,-6.654,0,0.11,0.477,0.0333,0.162,0.224,88.07
783,0.534,0.501,3,-4.805,0,0.0354,0.127,0.000522,0.0601,0.352,124.92
784,0.359,0.768,4,-6.186,0,0.0363,0.288,0.0547,0.125,0.0771,179.988
785,0.627,0.64,8,-7.312,1,0.175,0.0604,5.52e-06,0.125,0.831,179.819
786,0.71,0.369,10,-9.072,1,0.0457,0.264,0.000255,0.117,0.0731,132.019
787,0.713,0.858,1,-5.075,1,0.0325,0.0411,4.22e-06,0.855,0.883,134.03
788,0.637,0.69,9,-3.214,0,0.0693,0.417,0.0,0.211,0.103,140.329
789,0.531,0.668,9,-4.486,1,0.042,0.102,0.0,0.218,0.161,118.806
790,0.576,0.623,0,-5.928,0,0.061,0.753,0.0126,0.206,0.176,97.896
791,0.788,0.798,9,-5.954,0,0.149,0.00613,0.00426,0.297,0.895,124.976
792,0.707,0.498,4,-13.215,0,0.0566,0.871,0.914,0.0935,0.109,110.024
793,0.183,0.715,2,-7.424,0,0.0928,0.00694,0.0687,0.1,0.147,83.783
794,0.233,0.409,2,-4.811,1,0.0315,0.699,0.0,0.107,0.177,75.239
795,0.424,0.336,4,-11.932,1,0.0463,0.628,0.00032,0.0802,0.136,132.243
796,0.537,0.75,1,-7.122,0,0.0538,0.228,0.0,0.156,0.335,168.1
797,0.41,0.496,9,-10.22,0,0.0376,0.332,1.17e-05,0.114,0.454,71.105
798,0.419,0.672,2,-6.353,1,0.092,0.623,0.0,0.412,0.304,105.212
799,0.294,0.745,5,-9.138,1,0.0461,0.05,0.125,0.676,0.347,134.364
800,0.45,0.733,2,-6.238,1,0.0605,0.0779,0.413,0.14,0.147,120.019
801,0.146,0.0957,9,-20.822,0,0.0393,0.917,0.829,0.0601,0.0369,139.514
802,0.754,0.54,5,-8.326,1,0.0266,0.691,7.51e-05,0.0868,0.79,101.738
803,0.656,0.225,7,-11.777,1,0.0313,0.641,6.32e-05,0.101,0.156,106.023
804,0.609,0.541,8,-5.458,1,0.0287,0.00495,0.0,0.105,0.455,89.97
805,0.186,0.51,8,-5.953,1,0.0568,0.0997,0.0353,0.067,0.2,199.928
806,0.576,0.931,0,-5.983,1,0.0335,0.00198,0.455,0.0678,0.841,129.975
807,0.504,0.674,0,-5.824,0,0.0622,0.0247,0.0,0.0757,0.0991,76.847
808,0.796,0.798,1,-6.312,1,0.0317,0.034,4.19e-05,0.0952,0.942,116.032
809,0.635,0.516,3,-8.677,1,0.0341,0.125,0.0,0.12,0.127,114.074
810,0.569,0.367,5,-5.178,1,0.0878,0.862,0.000155,0.337,0.823,169.768
811,0.732,0.764,10,-6.503,0,0.0631,0.162,0.346,0.322,0.685,132.019
812,0.308,0.376,4,-15.24,1,0.0626,0.116,2.52e-06,0.166,0.158,186.047
813,0.536,0.642,5,-6.479,0,0.0434,0.064,0.356,0.105,0.193,138.914
814,0.689,0.66,7,-9.097,0,0.0316,0.061,0.89,0.201,0.274,120.003
